{"accuracy": 0.9805295950155763, "classification_report": {"Normal": {"precision": 0.9878787878787879, "recall": 0.9625984251968503, "f1-score": 0.9750747756729811, "support": 508}, "Pneumonia": {"precision": 0.965675057208238, "recall": 0.9882903981264637, "f1-score": 0.9768518518518519, "support": 427}, "TB": {"precision": 0.9886363636363636, "recall": 0.997134670487106, "f1-score": 0.9928673323823111, "support": 349}, "accuracy": 0.9805295950155763, "macro avg": {"precision": 0.9807300695744633, "recall": 0.9826744979368067, "f1-score": 0.9815979866357146, "support": 1284}, "weighted avg": {"precision": 0.9807007512300879, "recall": 0.9805295950155763, "f1-score": 0.980501889239908, "support": 1284}}}