{"trainAcc": [87.1826923076923, 96.58653846153847, 97.52884615384616, 98.09615384615384, 98.46153846153847, 99.02884615384616, 98.96153846153847, 99.28846153846153, 99.40384615384616, 99.4423076923077], "trainLoss": [0.3256626932666852, 0.10262731299377405, 0.0754830539219368, 0.058326002562132016, 0.046563402492051514, 0.031142899078281168, 0.03104203266852822, 0.02013871966449257, 0.01628383893233079, 0.015792912150903317], "valAcc": [97.12837837837837, 97.12837837837837, 96.19932432432432, 97.7195945945946, 97.97297297297297, 97.29729729729729, 98.22635135135135, 97.97297297297297, 98.22635135135135, 98.5641891891892], "valLoss": [0.10051036271191127, 0.08122896425728057, 0.10889023752581026, 0.06631190436058426, 0.06655443521024584, 0.09080114717771476, 0.06620957113950313, 0.08799442648071547, 0.056348513583223986, 0.061232804342580494]}