,precision,recall,f1-score,support
Normal,0.9971509971509972,1.0,0.9985734664764622,3500.0
Pneumonia,1.0,0.9923076923076923,0.9961389961389961,390.0
TB,1.0,0.99,0.9949748743718593,700.0
accuracy,0.9978213507625272,0.9978213507625272,0.9978213507625272,0.9978213507625272
macro avg,0.9990503323836658,0.9941025641025641,0.9965624456624392,4590.0
weighted avg,0.9978275577404117,0.9978213507625272,0.9978178111595049,4590.0
