{"trainAcc": [86.4326923076923, 96.67307692307692, 97.53846153846153, 98.125, 98.6923076923077, 99.0, 99.0576923076923, 99.375, 99.59615384615384, 99.67307692307692], "trainLoss": [0.3202369214537052, 0.10089968213954797, 0.07385323253460228, 0.05949582299074301, 0.042065909282447626, 0.03440511569891196, 0.028196177733345675, 0.02007770684990996, 0.013541464428260671, 0.011479615748707707], "valAcc": [96.45270270270271, 97.04391891891892, 96.875, 97.97297297297297, 97.97297297297297, 98.3108108108108, 98.39527027027027, 98.39527027027027, 98.47972972972973, 98.3108108108108], "valLoss": [0.11258159217902937, 0.08420511909030579, 0.1050003102219135, 0.05272695492926318, 0.06904465469572618, 0.05138104505651329, 0.04341597998506119, 0.04445359874198156, 0.05949718761302073, 0.047534603232068894]}