,precision,recall,f1-score,support
Normal,0.9718875502008032,0.952755905511811,0.9622266401590457,508.0
Pneumonia,0.9631336405529954,0.9789227166276346,0.9709639953542394,427.0
TB,0.9744318181818182,0.9828080229226361,0.978601997146933,349.0
accuracy,0.969626168224299,0.969626168224299,0.969626168224299,0.969626168224299
macro avg,0.9698176696452055,0.9714955483540272,0.9705975442200727,1284.0
weighted avg,0.9696679474794327,0.969626168224299,0.96958322135618,1284.0
