{"trainAcc": [78.89423076923077, 93.6826923076923, 95.36538461538461, 96.3173076923077, 97.0, 97.25961538461539, 97.51923076923077, 97.78846153846153, 97.6923076923077, 98.11538461538461], "trainLoss": [0.5087356315438564, 0.18701165813093001, 0.1380101013670747, 0.10423539849284749, 0.08840074267166738, 0.0805231373420415, 0.0719985291093158, 0.0661709069288694, 0.06764949613859733, 0.05912571835331619], "valAcc": [94.93243243243244, 96.875, 97.21283783783784, 97.46621621621621, 97.55067567567568, 96.875, 97.63513513513513, 97.80405405405405, 97.55067567567568, 97.80405405405405], "valLoss": [0.15610797114267544, 0.10969240052273145, 0.08893190017221747, 0.08523602354516452, 0.07765970593695906, 0.07681457936210004, 0.06809135891396452, 0.06789197508604392, 0.07171214033056654, 0.06405389352978484]}