{"trainAcc": [89.61538461538461, 96.86538461538461, 97.29807692307692, 98.0576923076923, 98.6826923076923, 99.0673076923077, 99.09615384615384, 99.50961538461539, 99.5576923076923, 99.72115384615384], "trainLoss": [0.29244030866771936, 0.09910517402136555, 0.08024835708479469, 0.059406069297200215, 0.04303686903073237, 0.03050155339296907, 0.026624520702753215, 0.016129733750130982, 0.01384352299089257, 0.009462009708065754], "valAcc": [97.29729729729729, 96.28378378378379, 97.46621621621621, 97.7195945945946, 98.22635135135135, 97.88851351351352, 98.39527027027027, 98.3108108108108, 98.47972972972973, 98.5641891891892], "valLoss": [0.07860473699464991, 0.09291681153322193, 0.07181575231732347, 0.0684084900170313, 0.06445602418043071, 0.05949230616946856, 0.05309349859315852, 0.057094516638490196, 0.05553174064167448, 0.04880119312508976]}