,precision,recall,f1-score,support
Normal,0.9799599198396793,0.9625984251968503,0.971201588877855,508.0
Pneumonia,0.958904109589041,0.9836065573770492,0.9710982658959537,427.0
TB,0.9971181556195965,0.9914040114613181,0.9942528735632183,349.0
accuracy,0.9774143302180686,0.9774143302180686,0.9774143302180686,0.9774143302180686
macro avg,0.9786607283494391,0.9792029980117393,0.9788509094456757,1284.0
weighted avg,0.977621441109281,0.9774143302180686,0.9774327255148643,1284.0
