{"trainAcc": [84.24038461538461, 96.49038461538461, 97.25961538461539, 97.9326923076923, 98.1826923076923, 98.72115384615384, 98.77884615384616, 99.07692307692308, 99.0, 99.10576923076923], "trainLoss": [0.3780627942429139, 0.10552537089070449, 0.08088406446103293, 0.06417096971677473, 0.05257832604532058, 0.04121718336147471, 0.03642565138046988, 0.0299816486499129, 0.02951951874796158, 0.02977762719974495], "valAcc": [97.7195945945946, 97.38175675675676, 98.05743243243244, 97.7195945945946, 98.05743243243244, 98.39527027027027, 98.39527027027027, 98.73310810810811, 98.39527027027027, 98.5641891891892], "valLoss": [0.0826527541755019, 0.07093876344781067, 0.05712102015417799, 0.06642708325808919, 0.05494067867481578, 0.043532110641929134, 0.04971119368545604, 0.04832299641222218, 0.05755453734761702, 0.05320537855928902]}